Group,Importance,Feature Count
Issue Content,9478.229972839355,10
Repository Background,9012.087104320526,9
Content Similarity,6229.471974849701,12
General OSS Experience,3358.6166644096375,6
Domain Similarity,2479.6010916233063,8
Issue Labels,1485.9951961040497,13
Sentiment,1191.8792688846588,4
Activeness,1111.9064936637878,9
