Feature,Importance
clsallcmt,2659.2272909879684
clspronum,2235.3228839039803
clsallpr,1173.1660598814487
clsiss,897.3558364808559
clsalliss,884.9986624717712
clsallprreview,666.4231033325195
