Group,Importance,Feature Count
Repository Background,9714.509123802185,9
Issue Content,9463.713101863861,10
Content Similarity,7445.641013145447,12
Domain Similarity,3534.466187477112,8
Issue Labels,1474.386109828949,13
