Group,Importance,Feature Count
Content Similarity,15276.992985486984,12
Domain Similarity,3441.0434510707855,8
Sentiment,2662.686571121216,4
Activeness,1375.1853785514832,9
General OSS Experience,1366.7903714179993,6
