Feature,Importance
clsissuesenmean,6945.696078628302
clsprsenmean,4367.029235064983
clsissuesenmedian,2700.9507879018784
clsprsenmedian,1512.8456079661846
